year,Åland,Afghanistan,Africa,Albania,Algeria,American Samoa,Andorra,Angola,Anguilla,Antarctica,Antigua And Barbuda,Argentina,Armenia,Aruba,Asia,Australia,Austria,Azerbaijan,Bahamas,Bahrain,Baker Island,Bangladesh,Barbados,Belarus,Belgium,Belize,Benin,Bhutan,Bolivia,"Bonaire, Saint Eustatius And Saba",Bosnia And Herzegovina,Botswana,Brazil,British Virgin Islands,Bulgaria,Burkina Faso,Burma,Burundi,Côte D'Ivoire,Cambodia,Cameroon,Canada,Cape Verde,Cayman Islands,Central African Republic,Chad,Chile,China,Christmas Island,Colombia,Comoros,Congo (Democratic Republic Of The),Congo,Costa Rica,Croatia,Cuba,Curaçao,Cyprus,Czech Republic,Denmark (Europe),Denmark,Djibouti,Dominica,Dominican Republic,Ecuador,Egypt,El Salvador,Equatorial Guinea,Eritrea,Estonia,Ethiopia,Europe,Falkland Islands (Islas Malvinas),Faroe Islands,Federated States Of Micronesia,Fiji,Finland,France (Europe),France,French Guiana,French Polynesia,French Southern And Antarctic Lands,Gabon,Gambia,Gaza Strip,Georgia,Germany,Ghana,Greece,Greenland,Grenada,Guadeloupe,Guam,Guatemala,Guernsey,Guinea Bissau,Guinea,Guyana,Haiti,Heard Island And Mcdonald Islands,Honduras,Hong Kong,Hungary,Iceland,India,Indonesia,Iran,Iraq,Ireland,Isle Of Man,Israel,Italy,Jamaica,Japan,Jersey,Jordan,Kazakhstan,Kenya,Kingman Reef,Kiribati,Kuwait,Kyrgyzstan,Laos,Latvia,Lebanon,Lesotho,Liberia,Libya,Liechtenstein,Lithuania,Luxembourg,Macau,Macedonia,Madagascar,Malawi,Malaysia,Mali,Malta,Martinique,Mauritania,Mauritius,Mayotte,Mexico,Moldova,Monaco,Mongolia,Montenegro,Montserrat,Morocco,Mozambique,Namibia,Nepal,Netherlands (Europe),Netherlands,New Caledonia,New Zealand,Nicaragua,Niger,Nigeria,Niue,North America,North Korea,Northern Mariana Islands,Norway,Oceania,Oman,Pakistan,Palau,Palestina,Palmyra Atoll,Panama,Papua New Guinea,Paraguay,Peru,Philippines,Poland,Portugal,Puerto Rico,Qatar,Reunion,Romania,Russia,Rwanda,Saint Barthélemy,Saint Kitts And Nevis,Saint Lucia,Saint Martin,Saint Pierre And Miquelon,Saint Vincent And The Grenadines,Samoa,San Marino,Sao Tome And Principe,Saudi Arabia,Senegal,Serbia,Seychelles,Sierra Leone,Singapore,Sint Maarten,Slovakia,Slovenia,Solomon Islands,Somalia,South Africa,South America,South Georgia And The South Sandwich Isla,South Korea,Spain,Sri Lanka,Sudan,Suriname,Svalbard And Jan Mayen,Swaziland,Sweden,Switzerland,Syria,Taiwan,Tajikistan,Tanzania,Thailand,Timor Leste,Togo,Tonga,Trinidad And Tobago,Tunisia,Turkey,Turkmenistan,Turks And Caicas Islands,Uganda,Ukraine,United Arab Emirates,United Kingdom (Europe),United Kingdom,United States,Uruguay,Uzbekistan,Venezuela,Vietnam,Virgin Islands,Western Sahara,Yemen,Zambia,Zimbabwe,year
2000,7.283333333333332,15.497833333333332,24.588083333333334,13.746583333333334,24.03225,27.219833333333337,12.311916666666669,22.360666666666663,27.052750000000003,,26.892083333333332,14.7505,9.91816666666667,28.128,8.252583333333332,21.709666666666667,8.084916666666668,12.632000000000003,25.44916666666667,27.07075,25.912166666666668,25.150166666666667,26.902083333333337,7.909833333333334,11.03425,25.284999999999997,27.637666666666664,11.998416666666666,21.077166666666667,27.412166666666664,12.148083333333334,21.872333333333334,25.1965,26.73058333333334,11.906833333333333,28.59141666666667,23.93083333333334,20.59583333333333,26.40233333333333,27.05716666666667,24.613000000000003,-4.025916666666666,24.71591666666667,27.101833333333335,25.613333333333333,27.44783333333333,9.564083333333334,7.238083333333333,26.375250000000005,25.03016666666667,25.995499999999996,24.20616666666666,24.786,26.072166666666664,13.226416666666665,25.784999999999993,27.564083333333333,19.442,9.659,9.582916666666668,-16.8245,29.860000000000003,26.5715,25.880416666666665,22.026,22.881416666666667,25.40716666666667,25.220583333333337,27.51725,7.008750000000002,23.762583333333335,9.440083333333336,6.401166666666668,7.19175,27.442833333333336,25.837166666666665,3.590666666666668,11.73808333333333,13.967333333333334,26.112666666666666,26.635833333333334,5.223999999999999,24.572416666666665,28.063750000000002,19.880916666666668,9.311166666666667,10.020416666666666,27.245916666666663,15.673333333333332,-17.367916666666666,27.190916666666666,26.78833333333333,27.48166666666667,23.428833333333333,11.918999999999999,27.288833333333333,25.969166666666666,26.393583333333336,26.598583333333334,2.885,25.153666666666666,23.201500000000006,11.700333333333333,2.10325,24.498,26.190250000000002,18.892083333333336,22.988833333333336,10.13075,10.257583333333335,20.230416666666667,14.1255,26.46941666666667,12.833833333333336,11.918999999999999,20.04525,6.761416666666668,24.71666666666667,27.453916666666668,27.079250000000002,26.376083333333337,4.73075,23.835166666666666,7.497083333333333,18.377333333333333,14.053916666666666,25.859750000000002,22.835083333333333,6.328749999999999,8.107666666666665,10.79275,22.93716666666667,11.581999999999999,23.320333333333334,21.714416666666665,26.371416666666665,29.150333333333332,19.609166666666667,26.5715,28.355583333333332,24.002583333333334,26.60933333333333,21.232083333333332,10.69,10.229499999999998,0.17499999999999982,11.561333333333337,26.84108333333334,18.56508333333333,23.92025,21.01766666666667,15.279333333333334,10.738750000000001,11.103499999999999,23.283083333333334,11.115583333333333,26.38133333333333,27.975833333333338,27.033500000000004,25.80575,3.1261666666666663,7.525000000000001,27.48166666666667,1.796916666666667,21.591916666666663,27.922416666666667,21.8225,27.690749999999998,23.859999999999996,27.485749999999996,26.711833333333335,24.942000000000004,23.626083333333337,20.231916666666667,27.009749999999997,9.622166666666667,15.393,25.786500000000004,27.993000000000006,23.881416666666667,10.472249999999999,-4.545666666666667,19.753083333333336,27.052750000000003,26.2735,27.07841666666667,27.052750000000003,5.865000000000001,27.21791666666667,26.83833333333334,15.442583333333333,26.188999999999997,26.642916666666675,28.526083333333332,11.791000000000002,27.17925,26.54683333333333,27.096500000000002,27.052750000000003,9.482,11.590583333333335,27.264750000000003,27.710250000000002,17.585583333333332,22.164666666666665,2.028583333333334,12.575333333333333,14.46875,27.46975,27.45658333333333,26.58608333333333,-5.745666666666668,19.0235,4.421000000000001,8.562666666666667,18.773333333333337,22.7045,5.3925833333333335,22.791583333333335,26.30216666666667,26.087,27.442416666666663,24.028666666666666,26.62708333333333,21.140500000000003,12.201916666666667,16.398166666666665,26.95691666666667,23.56091666666667,9.316333333333334,28.877750000000002,9.5655,9.379666666666667,9.649750000000001,17.756750000000004,13.93883333333333,25.388499999999997,23.981916666666667,26.73058333333334,23.020083333333332,27.43616666666667,21.55875,21.149000000000004,
2001,6.4014999999999995,15.778083333333333,24.841166666666666,13.690416666666666,24.724416666666666,27.22758333333334,12.216083333333335,22.502916666666668,27.4085,,27.253833333333336,15.370416666666666,10.443416666666668,28.630916666666664,8.450916666666666,21.79275,7.1889166666666675,13.09725,25.58066666666667,27.431,26.037583333333334,25.337,27.221833333333333,7.092250000000001,10.543333333333335,25.52391666666667,27.67583333333334,12.42575,21.234083333333334,27.88116666666667,11.380666666666668,22.3505,25.504416666666668,27.133166666666664,11.62383333333333,28.732166666666668,24.327250000000003,20.510333333333335,26.673333333333336,27.245833333333334,24.65191666666667,-3.1000833333333326,25.28558333333334,27.30916666666667,25.710166666666666,27.635250000000003,9.819666666666667,7.596416666666667,26.348583333333334,25.411916666666666,26.41425,24.256249999999998,24.73291666666667,26.114333333333335,12.411,25.85641666666667,28.010416666666668,20.011750000000003,8.378833333333334,8.62375,-17.06775,29.476916666666668,26.90216666666667,26.340666666666667,22.236083333333337,23.616333333333333,25.49291666666667,25.20725,27.41058333333334,5.972999999999999,23.6615,8.787083333333332,6.6475,7.1250833333333325,27.508750000000003,25.751416666666668,2.09525,11.361583333333334,13.6965,26.358749999999997,26.619333333333334,5.164833333333333,24.51358333333333,28.48975,20.560083333333335,9.861749999999999,9.090416666666664,27.27875,15.931583333333334,-17.596416666666666,27.507166666666667,27.145250000000004,27.595000000000002,23.584416666666673,11.876416666666666,27.66358333333333,26.2885,26.576999999999998,27.01375,2.8484999999999996,25.154749999999996,23.36791666666667,10.523749999999998,2.364916666666667,24.581916666666668,26.32975,19.47383333333334,23.517083333333336,10.023083333333334,9.971333333333332,20.929750000000002,13.954250000000002,26.703083333333336,12.449999999999998,11.876416666666666,20.730833333333333,6.813083333333334,24.45833333333334,27.82291666666667,27.392250000000004,26.654750000000003,4.781000000000001,24.155083333333334,6.53925,19.06275,14.333416666666666,26.153500000000005,23.413166666666665,5.588416666666667,7.120416666666668,10.206583333333333,23.098750000000006,11.470500000000001,23.586916666666667,21.99875,26.500083333333333,29.31083333333334,19.909666666666666,26.90216666666667,28.878416666666666,24.4905,27.02808333333334,21.133,10.000833333333334,10.211833333333333,0.7503333333333346,11.235250000000002,27.204666666666668,19.233916666666666,24.25091666666667,21.237166666666667,15.590250000000003,10.192666666666668,10.579,23.49875,11.191083333333331,26.410000000000007,28.118000000000006,27.09466666666667,25.807083333333335,3.528333333333334,7.727083333333334,27.595000000000002,0.7025000000000002,21.676666666666666,28.083333333333332,21.93041666666667,27.758583333333334,24.185,27.85766666666667,26.665833333333335,25.054666666666662,24.28825,20.225750000000005,27.104250000000004,8.333833333333335,15.40775,26.27025,28.30566666666667,24.273416666666666,9.638583333333335,-4.490666666666667,19.66125,27.4085,26.66525,27.42125,27.4085,5.684166666666667,27.56608333333334,26.95383333333334,15.14125,26.05633333333334,26.769666666666666,28.936333333333334,10.913166666666664,27.467833333333342,26.82675,27.189333333333334,27.4085,8.307749999999999,10.894666666666668,27.448333333333338,27.477833333333333,17.86791666666667,22.504333333333335,2.4963333333333333,12.842583333333337,14.616083333333334,27.663083333333336,27.72583333333333,26.804083333333335,-6.300833333333333,19.546000000000003,3.139666666666667,7.97975,19.39625,22.796166666666664,5.718166666666665,22.747500000000002,26.679833333333335,26.393416666666667,27.4105,23.995083333333337,26.948500000000006,21.70125,13.28325,16.573833333333333,27.246083333333335,23.405833333333337,8.938666666666668,29.009583333333328,9.288666666666668,9.140083333333335,9.785583333333333,18.57425,13.998,25.77133333333333,24.18491666666667,27.133166666666664,23.704916666666673,27.06891666666667,21.80241666666667,21.69366666666667,
2002,6.801083333333334,15.537666666666668,24.961333333333332,13.559916666666668,24.263,27.53791666666666,12.319583333333332,22.9255,27.53825,,27.36175,15.183750000000003,9.604999999999999,28.849249999999998,8.645333333333333,22.46083333333333,7.91525,12.432250000000002,26.116250000000004,27.266416666666668,26.248083333333337,25.38033333333334,27.26608333333333,7.7019166666666665,11.035750000000002,25.787333333333336,27.8195,12.180333333333335,21.60575,28.074583333333337,11.858333333333334,22.985666666666663,25.80033333333334,27.297833333333333,11.680333333333332,28.978166666666667,24.292416666666668,20.74983333333333,26.76966666666667,27.55541666666667,24.95025,-4.362833333333334,25.104666666666663,27.72275,25.819416666666672,27.772833333333335,9.742416666666665,7.7956666666666665,26.733749999999997,25.57075,26.657750000000004,24.562750000000005,25.047666666666668,26.306749999999997,12.898916666666665,26.313000000000002,28.24291666666667,19.729166666666668,9.203666666666667,9.443249999999999,-16.291083333333333,29.531583333333334,26.935666666666663,26.581249999999997,22.763666666666666,23.716250000000002,25.71041666666667,25.526500000000002,27.639416666666666,6.211583333333333,23.82325,9.219999999999999,6.044249999999999,7.88975,27.59266666666667,25.71333333333334,2.230166666666667,11.767499999999998,14.048166666666667,26.49175,26.981916666666674,5.198499999999999,24.83391666666667,28.547916666666666,20.284166666666668,9.206,9.637333333333332,27.401083333333332,15.622333333333335,-16.82041666666667,27.531166666666667,27.232916666666668,27.405500000000004,23.833583333333337,12.245083333333332,27.79516666666667,26.514833333333332,26.60808333333333,27.24966666666666,2.8509166666666665,25.43258333333333,23.598583333333334,11.432083333333331,2.6658333333333335,24.913,26.529,19.142416666666666,22.89558333333333,10.420666666666667,10.524166666666664,20.728333333333335,13.934,27.00075,12.837333333333333,12.245083333333332,20.32283333333333,7.301583333333334,24.66175,28.00741666666667,27.657916666666665,26.386750000000003,4.708999999999999,24.22041666666667,6.917583333333333,18.677083333333336,14.387333333333336,26.23608333333333,23.40941666666666,6.2636666666666665,7.706083333333333,10.714,23.29975,11.281083333333333,23.617500000000003,22.224,26.745499999999996,29.426500000000004,19.55183333333333,26.935666666666663,28.65025,24.395749999999996,27.37391666666667,21.225,10.541083333333335,10.260166666666665,1.0959166666666667,11.417166666666667,27.30575,18.712583333333335,24.428166666666666,21.547583333333336,15.648666666666669,10.634416666666665,11.015500000000001,23.469083333333334,10.997583333333333,26.66491666666667,28.149666666666672,27.464250000000003,25.987,3.1162499999999995,7.925750000000001,27.405500000000004,1.37075,22.2775,27.99416666666667,22.025499999999997,27.801833333333335,23.971166666666665,28.038916666666665,27.206999999999997,25.096333333333334,24.759,20.536,27.083166666666667,9.171166666666666,15.463166666666666,26.482,28.1855,24.145333333333337,10.392666666666669,-4.122916666666667,19.94725,27.53825,26.779916666666665,27.462833333333336,27.53825,4.645333333333334,27.601583333333334,27.236666666666665,15.138083333333336,26.395749999999996,26.62733333333333,28.97816666666667,11.413416666666668,27.53108333333334,26.99266666666667,27.40608333333333,27.53825,9.136416666666667,11.337249999999997,27.37541666666667,27.516000000000002,17.949416666666668,22.68366666666667,1.6692500000000001,12.817166666666665,14.647916666666667,27.79591666666667,27.905416666666664,26.90391666666667,-6.3436666666666675,19.59616666666667,3.7953333333333332,8.484833333333333,18.856583333333333,23.136,5.291249999999999,23.00175,26.786083333333334,26.61758333333333,27.497250000000005,23.89316666666667,26.854249999999997,21.328416666666666,12.339,16.379583333333336,27.70141666666667,23.830499999999997,9.377166666666668,29.058000000000007,9.905833333333334,9.679666666666668,9.816166666666666,17.993916666666667,13.87191666666667,25.772166666666664,24.393749999999997,27.297833333333333,23.457833333333337,27.12516666666667,22.29241666666667,22.081083333333336,
2003,6.323416666666667,14.916000000000002,25.02558333333333,13.62658333333333,24.39366666666666,27.26483333333333,12.900666666666668,23.06658333333333,27.677416666666673,,27.513833333333334,15.518333333333336,9.423083333333333,28.849666666666664,8.534,22.44033333333333,7.509333333333331,11.984749999999998,26.180333333333333,27.370666666666665,26.125583333333335,25.280833333333334,27.440083333333337,6.724916666666665,10.870249999999999,25.865333333333336,27.964583333333337,12.232583333333336,21.26275,28.111666666666665,11.495166666666664,23.395166666666668,25.621,27.376583333333333,10.953000000000001,28.8835,24.288083333333333,20.931333333333335,26.939333333333327,27.29941666666667,25.01233333333333,-3.8594999999999993,24.825666666666674,27.651083333333336,26.01483333333334,27.878083333333333,10.078416666666667,7.521999999999999,26.693250000000003,25.655333333333335,26.600500000000007,24.567333333333334,25.056750000000005,26.577500000000004,12.567,26.361583333333332,28.26608333333333,19.735083333333336,8.871333333333334,8.998666666666667,-15.747083333333336,29.757833333333334,27.08,26.62633333333333,22.668333333333337,23.49641666666666,25.724083333333336,25.627416666666665,27.72975,5.662166666666665,23.857166666666668,8.982333333333331,6.533666666666666,8.218749999999998,27.63983333333333,25.446666666666662,2.4998333333333327,12.076916666666667,14.337916666666667,26.779333333333337,26.916416666666674,5.515416666666667,24.912000000000003,28.228583333333336,20.148833333333332,8.804583333333335,9.49425,27.5335,15.472583333333333,-16.256249999999998,27.716500000000007,27.386750000000003,27.26533333333333,23.99383333333334,12.2355,27.463583333333332,26.40975,27.003666666666664,27.334333333333337,3.250833333333333,25.548750000000002,23.417,10.597916666666666,3.340833333333333,24.649916666666666,26.445500000000006,18.915166666666668,22.95941666666667,10.522416666666667,10.574666666666667,20.614,14.296916666666668,27.06583333333333,12.506999999999998,12.2355,20.33141666666667,6.131416666666667,24.858333333333334,28.136416666666666,27.767083333333336,26.49658333333333,4.042333333333333,24.331916666666668,6.2772499999999996,18.554,14.684833333333335,26.386916666666664,23.369,6.124666666666666,6.830333333333333,10.700583333333334,23.173750000000002,11.207666666666666,23.49525,22.233500000000003,26.576750000000004,29.429,19.756583333333335,27.08,28.558833333333336,24.517083333333336,27.142,21.32941666666667,9.428416666666667,10.726083333333333,0.04641666666666744,11.27825,27.46166666666667,18.856,24.42325,22.040833333333335,15.47025,10.310916666666666,10.699833333333332,23.261750000000003,10.930250000000001,26.93225,28.30225,27.429000000000002,25.687083333333334,3.3599999999999994,8.054333333333332,27.26533333333333,1.2833333333333334,22.25391666666667,28.269000000000005,21.432083333333335,27.629583333333333,23.78916666666667,28.16591666666667,27.248416666666667,25.066833333333335,24.263833333333327,20.485583333333334,27.014833333333332,8.385083333333334,15.815833333333332,26.510666666666665,28.32508333333333,24.197,9.340166666666667,-3.8328333333333333,20.094333333333335,27.677416666666673,26.91508333333333,27.60766666666667,27.677416666666673,5.200333333333334,27.744,27.022666666666662,15.357083333333334,26.567333333333334,26.816666666666674,28.704166666666666,10.795499999999999,27.68541666666667,26.992416666666667,27.311833333333336,27.677416666666673,8.487083333333333,11.009666666666668,27.379750000000005,27.787166666666668,18.261666666666667,22.649833333333333,1.9478333333333335,12.646583333333334,14.99691666666667,27.797416666666667,27.85375,27.19558333333333,-7.814333333333334,19.99716666666667,3.733,8.669749999999999,18.839333333333336,22.885666666666665,4.890166666666668,23.28108333333333,26.649,26.605333333333338,27.666750000000004,23.9195,27.126083333333337,21.47758333333334,12.331333333333333,15.642416666666664,27.81533333333333,23.843833333333333,8.219666666666667,29.228333333333335,9.9445,9.742083333333333,9.75508333333333,17.60466666666667,13.157666666666666,26.008333333333336,24.49775,27.376583333333333,23.408916666666666,27.357750000000006,22.156750000000002,21.891250000000003,
2004,6.518666666666667,15.77091666666667,24.895916666666665,13.258166666666666,23.916000000000007,27.281166666666667,12.043,22.572833333333335,27.334000000000003,,27.15116666666667,15.442166666666667,9.720166666666666,28.506,8.488833333333334,22.28691666666667,6.906083333333332,12.619500000000002,25.84975,27.15025,26.07625,25.38633333333333,27.22541666666667,6.905833333333334,10.452583333333331,25.744083333333336,27.87200000000001,12.208083333333336,21.571,27.69125,10.998333333333333,22.346083333333336,25.4965,27.029250000000005,11.241666666666667,28.989166666666662,24.108249999999998,20.960416666666664,26.828583333333338,27.17941666666667,25.17083333333333,-4.9230833333333335,24.892916666666665,27.585916666666662,26.14,28.017416666666673,10.205833333333334,7.71275,26.589416666666665,25.55391666666667,26.39191666666667,24.547749999999997,25.12816666666667,26.528499999999998,11.919416666666669,26.26891666666667,27.89066666666667,19.59575,8.445916666666667,9.02175,-16.770583333333335,29.540916666666664,26.829666666666668,26.35875,22.64791666666667,23.511083333333335,25.742583333333332,25.59416666666667,27.5775,5.940833333333334,23.778666666666666,8.83075,7.391416666666667,7.850333333333334,27.723666666666663,25.50775,2.6147500000000004,11.266333333333336,13.664083333333332,26.734750000000002,26.728916666666663,5.442583333333334,24.853250000000003,28.3725,20.077250000000003,9.218583333333333,9.053416666666665,27.415833333333335,15.455666666666666,-17.301166666666667,27.474749999999997,27.0415,27.54641666666667,23.797916666666666,11.950333333333333,27.633333333333336,26.404166666666665,26.8715,27.177666666666667,3.0179166666666664,25.463916666666666,23.247416666666666,10.3115,2.9484166666666667,24.634583333333328,26.43483333333333,19.149916666666666,22.778916666666664,10.439083333333334,10.596083333333333,20.4905,13.55983333333333,26.903833333333335,13.435666666666668,11.950333333333333,20.25525,7.393000000000001,24.86708333333333,28.03741666666667,27.683666666666667,26.155416666666667,5.029249999999999,23.86375,6.334083333333332,18.47425,14.562916666666666,26.283500000000004,23.27841666666666,5.430416666666667,6.835333333333332,9.983083333333333,22.9935,11.058583333333333,23.453000000000003,21.865916666666664,26.575999999999997,29.426000000000005,19.171166666666664,26.829666666666668,28.628250000000005,24.25458333333334,27.0085,20.924833333333336,9.901833333333334,9.93825,1.0906666666666653,10.82125,27.093000000000004,18.486,24.07258333333333,21.643833333333337,15.551833333333335,10.245416666666667,10.627500000000001,23.36766666666667,10.475416666666666,26.778583333333334,28.371583333333337,27.5695,25.84058333333333,2.7629999999999995,8.443999999999999,27.54641666666667,1.5249166666666667,22.092,28.12516666666666,22.143083333333333,27.88891666666667,23.740083333333335,28.065166666666666,27.10591666666667,24.908916666666666,23.8045,20.443083333333337,27.089833333333335,8.390499999999998,15.463833333333334,26.099499999999995,28.140416666666667,24.08541666666667,9.558166666666667,-4.4935833333333335,20.08491666666667,27.334000000000003,26.527333333333335,27.377916666666668,27.334000000000003,5.313666666666666,27.498583333333332,27.05775,14.626833333333336,26.484583333333333,26.519000000000005,28.852083333333336,10.6165,27.25775,26.978916666666667,27.328666666666663,27.334000000000003,8.145583333333333,10.24125,27.178583333333336,27.683666666666667,18.082833333333337,22.574583333333333,2.3595833333333336,13.365083333333333,14.396416666666667,27.60633333333333,27.893333333333334,27.150333333333336,-6.368833333333332,19.469916666666666,3.6477500000000003,7.8460833333333335,18.77325,22.638,5.838083333333333,23.04625,26.5,26.468999999999998,27.534916666666664,23.89158333333333,26.80091666666667,20.945083333333333,12.310166666666667,16.663833333333333,27.53091666666667,23.811916666666665,8.850499999999998,29.104,9.892666666666665,9.737333333333334,9.667499999999999,18.06083333333334,14.442000000000002,25.817833333333336,24.05691666666667,27.029250000000005,23.420666666666666,27.33408333333333,21.768083333333333,21.330916666666667,
2005,6.724083333333334,14.979999999999999,25.156166666666664,12.747083333333334,24.222583333333333,27.373500000000003,11.643416666666667,22.966083333333334,27.732333333333333,,27.59816666666667,15.112833333333334,9.735416666666667,28.77225,8.666666666666668,22.896833333333333,6.609500000000001,12.687249999999999,25.801666666666666,26.983166666666666,26.10941666666667,25.532,27.67716666666667,6.968083333333333,10.727833333333335,25.919,28.153333333333332,12.445916666666667,21.371750000000002,28.085333333333335,10.302083333333332,23.36883333333334,25.806000000000008,27.424666666666667,10.781583333333332,29.23833333333333,24.581083333333336,21.442166666666665,26.91491666666667,27.389999999999997,25.267833333333332,-3.3087499999999985,25.133,27.551083333333338,26.332166666666666,28.211249999999996,9.891833333333333,7.4135,26.67958333333333,25.670833333333334,26.68216666666667,24.982083333333335,25.268916666666666,26.40425,11.376249999999999,26.14408333333333,28.209583333333338,19.587083333333336,8.327916666666667,9.054416666666667,-15.643,29.80858333333333,27.31925,26.52116666666667,22.5295,23.52025,25.622833333333332,25.62391666666667,27.69,6.0014166666666675,23.89691666666667,8.801333333333334,6.601916666666667,7.319166666666668,27.59875,25.643416666666667,3.2302500000000003,11.229083333333334,13.694250000000002,27.198916666666673,26.85291666666667,5.456083333333335,24.96541666666667,28.605,19.98025,9.4135,9.128416666666665,27.60116666666667,15.175333333333334,-16.15125,27.908,27.509083333333326,27.465666666666664,23.94825,12.050083333333333,27.959000000000003,26.50725,27.068333333333328,27.180583333333335,2.9121666666666663,25.626416666666668,23.056916666666666,9.942583333333333,2.2003333333333335,24.495416666666667,26.45375,18.806666666666665,22.696083333333334,10.575750000000001,10.576333333333332,20.437750000000005,13.028583333333332,26.834999999999997,12.555916666666668,12.050083333333333,20.137416666666667,6.998833333333333,25.133666666666667,28.164083333333334,27.81408333333333,25.987916666666674,4.518083333333333,24.31775,6.374500000000001,18.39275,14.576499999999998,26.290916666666664,23.25666666666667,5.012999999999999,6.920999999999999,10.30808333333333,22.80566666666667,10.550000000000002,23.62183333333334,22.81116666666667,26.649583333333336,29.526249999999994,18.875083333333336,27.31925,28.752250000000004,24.15591666666667,27.266000000000002,21.4135,9.842666666666668,9.518416666666667,-0.13983333333333312,10.125749999999998,27.555249999999997,18.580750000000002,24.83375,21.473916666666668,15.616166666666667,10.438333333333333,10.823666666666668,23.360500000000002,11.375416666666666,26.838499999999996,28.636416666666673,27.72458333333334,25.699499999999997,3.649833333333333,7.308500000000001,27.465666666666664,1.8073333333333332,22.680166666666665,28.07375,21.27241666666667,27.71875,23.75466666666667,28.1955,27.084999999999997,25.033749999999998,23.820083333333333,20.45058333333333,27.144333333333336,8.4185,15.536916666666665,26.429666666666673,28.013083333333338,23.909833333333335,9.123166666666668,-3.4980833333333337,20.432583333333337,27.732333333333333,26.99491666666667,27.858666666666668,27.732333333333333,5.753666666666668,27.981916666666667,27.12433333333333,13.948666666666668,26.409583333333334,26.495500000000003,28.95508333333333,9.922583333333334,27.468416666666666,27.028583333333334,27.493583333333333,27.732333333333333,7.936916666666666,9.795083333333334,27.383333333333336,27.83241666666667,18.21791666666667,22.67141666666667,2.0304166666666665,12.356666666666667,14.303583333333334,27.723833333333335,28.032833333333333,27.48391666666667,-5.1705,19.975749999999998,4.000166666666667,7.573916666666668,18.74191666666667,22.529083333333332,5.184499999999999,23.72341666666667,26.83316666666667,26.860166666666668,27.766666666666666,23.792083333333327,27.203249999999997,20.84575,12.432916666666666,16.57916666666667,27.49716666666667,24.02983333333333,8.917333333333334,28.992916666666662,9.847333333333333,9.65525,9.892666666666669,18.194416666666665,14.044000000000002,26.019416666666668,24.298,27.424666666666667,23.50766666666667,27.294666666666668,22.8135,22.509916666666665,
2006,7.100583333333334,15.595583333333332,24.818916666666667,12.976916666666668,24.200833333333335,27.081250000000008,12.834333333333333,21.947083333333335,27.636250000000004,,27.466416666666664,15.561083333333334,10.053500000000001,28.804666666666662,8.406916666666667,22.264416666666666,7.277583333333333,12.71225,25.71575,27.22125,26.160250000000005,25.76566666666667,27.502250000000004,6.992083333333333,11.09525,25.7085,28.144333333333336,12.854,21.470000000000002,28.08016666666667,11.07125,21.804000000000002,25.516999999999996,27.37483333333334,11.117583333333336,28.92025,24.43216666666667,21.066333333333333,26.791500000000003,27.41391666666667,25.293416666666662,-2.4601666666666664,25.068416666666668,27.49475,26.205083333333334,28.048000000000002,10.174,7.948,26.526916666666665,25.476583333333338,26.465833333333332,24.526916666666665,25.282666666666668,26.514916666666668,12.241666666666669,26.154500000000002,28.265333333333334,19.540166666666668,8.865333333333334,9.683833333333334,-16.574333333333332,29.777416666666667,27.148583333333335,26.585666666666665,22.603166666666667,23.50566666666667,25.758499999999998,25.785416666666666,27.492,6.531833333333332,23.77808333333333,9.157416666666668,7.062083333333334,7.8785,27.389083333333335,25.631500000000003,2.8921666666666677,11.871250000000002,14.143833333333333,26.617833333333333,26.83475,5.3185,25.157750000000004,28.177333333333333,19.938666666666666,9.40375,9.706000000000001,27.58158333333333,15.212666666666665,-17.114333333333338,27.743666666666666,27.360583333333327,27.428833333333333,23.80825,12.18725,27.352166666666665,26.120583333333332,26.821083333333334,27.22225,2.8084166666666666,25.589916666666667,23.536,10.629083333333334,2.6824999999999997,24.732083333333332,26.38175,19.211916666666667,22.904333333333337,10.654166666666667,10.823666666666666,20.409166666666668,13.787333333333335,27.034166666666668,12.757083333333334,12.18725,20.173333333333332,6.869833333333332,24.820083333333333,28.081500000000002,27.756,26.314666666666668,4.917333333333332,24.4055,6.970583333333335,18.314333333333337,13.903500000000001,26.18316666666666,23.315083333333334,5.941166666666667,7.422000000000001,10.730333333333334,23.302083333333332,10.752583333333334,23.66116666666667,22.102166666666665,26.57766666666667,29.03791666666667,19.601333333333333,27.148583333333335,28.450500000000005,24.31975,27.15125,21.41808333333334,9.591833333333334,10.454916666666664,0.9519166666666671,10.560833333333333,27.41241666666667,18.793166666666668,24.303416666666664,20.381833333333336,16.056,10.915749999999997,11.291333333333334,23.19416666666667,10.703833333333334,26.936083333333332,28.291083333333333,27.795083333333334,25.46475,3.939333333333334,7.940333333333335,27.428833333333333,2.256666666666667,22.06941666666667,28.044833333333333,21.636916666666668,27.81441666666667,23.620583333333332,28.10891666666667,27.131750000000007,24.739,24.376583333333333,20.541,27.178083333333333,8.799916666666665,16.002583333333334,26.452250000000003,28.071416666666668,24.049083333333332,9.469,-4.763000000000001,20.162833333333335,27.636250000000004,26.874416666666665,27.692166666666665,27.636250000000004,6.538166666666666,27.8205,26.834999999999997,14.790000000000004,26.700166666666664,26.558583333333335,28.630750000000003,10.574166666666665,27.470166666666668,26.71775,27.32841666666667,27.636250000000004,8.528333333333332,10.723416666666667,27.207416666666663,27.653166666666664,17.5975,22.61175,2.3226666666666667,12.903333333333336,15.105916666666666,27.572,27.72941666666667,27.045666666666673,-4.246416666666668,19.26683333333333,4.354166666666667,8.337750000000002,18.744,23.12091666666667,5.531333333333333,23.045416666666668,26.744833333333332,26.202749999999998,27.7685,23.816,27.069833333333335,21.310000000000002,12.450083333333334,16.51,27.44558333333333,23.770083333333332,8.454666666666666,28.984083333333334,10.128833333333334,9.943416666666666,9.9745,18.240416666666665,13.78625,25.84991666666667,24.523083333333332,27.37483333333334,23.441833333333335,27.175,21.78425,21.618750000000002,
2007,7.029,15.106166666666669,24.8515,13.890500000000001,24.06533333333334,27.452416666666668,12.155250000000002,22.42708333333334,27.68508333333334,,27.509083333333333,14.628083333333336,9.53525,28.822833333333325,9.100666666666665,22.48675,7.976500000000001,12.51483333333333,26.034750000000003,27.216083333333334,26.077583333333337,25.34375,27.36641666666667,7.928166666666667,11.145499999999998,25.85875,28.0705,12.6995,21.12933333333333,28.13575,12.001750000000001,22.400500000000005,25.667999999999996,27.47,12.314,28.983249999999998,24.159666666666666,20.580916666666667,26.94458333333334,27.241833333333336,25.209833333333332,-4.0609166666666665,24.79366666666667,27.62391666666667,26.06783333333333,27.860166666666668,9.489916666666666,8.12675,26.555333333333333,25.494,26.604583333333334,24.38508333333333,25.229749999999996,26.38291666666667,13.0665,26.279750000000003,28.284666666666666,19.945333333333334,9.601333333333335,9.7635,-16.533083333333334,29.78633333333333,27.09441666666667,26.626,22.359750000000002,23.584333333333333,25.475166666666663,25.773666666666667,27.485416666666666,6.830833333333332,23.724000000000004,9.470666666666668,6.3379166666666675,7.55075,27.462916666666672,26.055333333333333,3.092333333333334,11.571833333333332,13.896583333333332,26.519500000000004,26.812583333333336,5.05125,25.063583333333337,28.36491666666667,20.284583333333334,9.525916666666665,9.997500000000002,27.62766666666667,16.083249999999996,-17.074166666666667,27.590999999999998,27.382416666666668,27.402083333333337,23.8185,12.227666666666666,27.51825,26.317333333333334,26.708750000000006,27.288250000000005,2.604916666666667,25.383416666666665,23.57166666666667,11.707250000000002,2.5614166666666667,24.649916666666666,26.293083333333332,18.74041666666667,23.015000000000004,10.842666666666666,10.809083333333334,20.701583333333335,14.073333333333336,27.01391666666667,13.192166666666665,12.227666666666666,20.43975,7.155166666666666,24.788749999999997,27.789916666666667,27.295416666666668,26.330916666666667,5.05325,24.21075,7.2789166666666665,18.755166666666664,14.525333333333334,26.289833333333334,23.325833333333332,6.279250000000001,7.853999999999999,10.761666666666668,23.336333333333332,11.90575,23.64975,22.098333333333333,26.496333333333336,29.20216666666667,19.749916666666667,27.09441666666667,28.451916666666666,24.284333333333336,27.256583333333335,21.079333333333338,11.358916666666667,10.411,2.075583333333334,11.595083333333335,27.452916666666663,18.419666666666668,24.224416666666666,21.180583333333335,15.657083333333334,11.014416666666667,11.388416666666666,23.74325,11.085166666666666,26.823083333333333,28.411916666666666,27.690083333333334,25.989749999999997,3.2122500000000005,8.511166666666666,27.402083333333337,1.7515833333333333,22.29366666666667,28.363,21.690916666666666,27.84275,24.08208333333333,27.830333333333332,27.059416666666667,24.882666666666665,23.726666666666663,20.191666666666666,27.162000000000003,9.418083333333334,15.241083333333334,26.617833333333337,28.170416666666664,24.026666666666667,10.868333333333332,-2.975083333333334,19.763250000000003,27.68508333333334,26.964666666666663,27.583249999999996,27.68508333333334,4.985,27.7165,27.149249999999995,15.370833333333332,26.70941666666667,26.682583333333337,28.816833333333335,11.745916666666666,27.71258333333334,26.83741666666667,27.129999999999995,27.68508333333334,9.478916666666665,11.462583333333333,27.321416666666664,27.87275,17.986250000000002,22.435,1.4516666666666669,13.292916666666665,14.241333333333335,27.5565,27.647500000000004,26.908583333333336,-5.010416666666667,19.615000000000002,4.080583333333334,8.552750000000001,19.0415,23.054166666666664,5.441166666666667,22.9255,26.636916666666668,26.47791666666667,27.863833333333332,24.178583333333332,26.898,21.154666666666667,12.815333333333333,16.302083333333336,27.597499999999997,23.4905,10.055416666666668,29.15608333333333,10.021166666666668,9.7975,9.837499999999999,17.516166666666667,13.928333333333333,25.854083333333335,24.302166666666665,27.47,23.145416666666666,27.310750000000002,21.8385,21.604250000000004,
2008,7.492250000000001,15.216500000000002,24.75466666666667,13.955166666666665,23.95025,26.995083333333337,11.978583333333335,22.287333333333336,27.140416666666667,,26.96541666666667,15.475999999999999,9.70675,28.45025,8.764999999999999,22.225916666666667,7.801916666666668,12.365499999999997,25.899749999999997,27.033083333333334,25.7655,25.3895,27.003833333333336,8.13075,10.504916666666666,25.524666666666672,27.690916666666666,12.456333333333333,21.189000000000004,27.78033333333333,12.056666666666667,22.311166666666665,25.41033333333333,26.924000000000003,11.98775,28.48958333333334,24.175916666666666,20.567916666666665,26.75825,26.897083333333338,25.12108333333333,-4.29525,24.96975,27.377166666666668,25.968666666666667,27.702499999999997,10.1625,7.566083333333335,26.280083333333334,25.153916666666664,26.188250000000007,24.341333333333335,25.292416666666668,26.056083333333337,12.977083333333333,26.05475,27.918499999999998,20.144749999999995,9.41475,9.730083333333333,-16.843333333333334,29.339250000000003,26.664666666666665,26.199250000000003,22.22425,23.907916666666665,25.248250000000002,25.76875,27.59433333333334,7.267833333333333,23.60258333333333,9.304666666666668,6.9190000000000005,7.507166666666667,27.32133333333333,25.730166666666666,3.200916666666666,11.20075,13.5815,26.462333333333333,26.484083333333334,5.447166666666667,25.127916666666668,28.346083333333336,20.525833333333335,9.308583333333333,9.642166666666666,27.367833333333333,16.054916666666667,-17.38991666666667,27.36366666666667,26.861666666666668,27.48391666666667,23.482083333333335,11.761583333333334,27.58366666666667,26.287750000000003,26.619,26.927166666666665,3.08025,25.107833333333332,22.901583333333335,11.531083333333335,2.3129166666666667,24.405999999999995,26.065250000000002,18.90491666666667,23.118166666666667,10.15875,10.236666666666666,20.930083333333332,13.881250000000001,26.621499999999997,12.874916666666666,11.761583333333334,20.572750000000003,7.028916666666667,24.649749999999997,27.495,26.961000000000002,26.266583333333333,4.577583333333332,23.63158333333334,7.681083333333334,18.957166666666666,14.427749999999998,26.297416666666663,23.474333333333334,5.9422500000000005,8.175333333333333,10.128666666666666,22.589166666666667,11.924083333333334,23.332250000000002,21.8225,26.25408333333333,28.949916666666663,19.818166666666666,26.664666666666665,28.395,24.189000000000004,26.914666666666665,21.085250000000002,10.744416666666664,9.97425,1.1155833333333336,11.627666666666665,26.909833333333328,18.38216666666667,24.030500000000004,21.021083333333333,15.409083333333333,10.415416666666667,10.794583333333334,23.66333333333333,11.171666666666665,26.388500000000004,27.901416666666663,27.325666666666667,25.61741666666667,2.732583333333334,8.299916666666666,27.48391666666667,1.6424999999999994,22.052750000000003,27.751916666666663,21.53516666666667,27.625749999999996,24.160833333333333,27.537750000000003,26.800666666666668,24.77591666666667,23.81833333333333,20.226416666666665,26.87575,9.469166666666666,15.269999999999998,26.098333333333333,27.86533333333333,23.930750000000003,10.461,-3.3054166666666664,19.730499999999996,27.140416666666667,26.39225,27.20866666666667,27.140416666666667,5.558416666666666,27.3815,26.671166666666668,15.207666666666668,26.595000000000002,26.477750000000004,28.79608333333334,11.666333333333334,27.376833333333337,26.97875,27.067666666666664,27.140416666666667,9.397416666666668,11.247916666666667,27.183916666666665,27.451333333333334,17.956083333333332,22.452916666666667,2.0684166666666663,13.027916666666668,14.229500000000002,27.441166666666664,27.841499999999996,26.919500000000003,-5.96075,19.42066666666667,4.217999999999999,8.109666666666666,19.161166666666663,22.714416666666665,5.174666666666666,22.70641666666667,26.221999999999998,26.306916666666666,27.46491666666667,23.848583333333334,26.826666666666664,21.204583333333332,12.657833333333336,15.858083333333333,27.428,23.49625,9.55975,28.685000000000006,9.505,9.348250000000002,8.951416666666667,18.2805,13.309,25.64825,23.783999999999995,26.924000000000003,23.323083333333333,26.8075,21.535833333333333,21.545583333333337,
2009,6.489083333333334,15.257749999999996,25.026500000000002,13.84425,24.154333333333337,27.034249999999997,12.566666666666665,22.3165,27.46858333333334,,27.277333333333335,15.534416666666667,9.842083333333333,28.832000000000004,8.442333333333336,22.690583333333333,7.616,12.611666666666666,25.769166666666667,27.310333333333336,26.210416666666664,25.904916666666665,27.320333333333334,7.196416666666667,10.6285,25.907749999999997,28.15608333333333,13.11475,21.378333333333334,28.139166666666668,11.860666666666667,22.139750000000003,25.600583333333333,27.238500000000002,11.894,29.082999999999995,24.701333333333334,20.76425,26.93433333333333,27.252750000000002,25.40733333333333,-4.135083333333334,24.59908333333333,27.492750000000004,26.510916666666663,28.324250000000003,9.994416666666668,7.809500000000001,26.544833333333333,25.61833333333334,26.59325,24.541666666666668,25.34925,26.522916666666664,12.875083333333336,26.022333333333332,28.2525,20.157333333333334,8.965666666666666,9.130416666666667,-16.78316666666667,29.896750000000008,26.9505,26.423083333333338,22.67716666666667,23.735,25.787583333333334,25.832833333333337,28.092583333333334,6.061833333333333,24.273583333333335,9.150333333333334,6.559916666666666,7.995916666666666,27.589,25.22741666666667,2.43925,11.6075,13.941666666666665,26.731250000000003,27.032083333333333,5.174916666666667,25.134666666666664,27.959000000000003,20.418083333333335,9.552083333333334,9.359166666666665,27.557583333333337,15.956166666666666,-17.31641666666667,27.62675,27.164666666666665,27.387249999999998,23.939916666666672,11.73258333333333,27.310416666666665,26.325666666666674,27.101583333333334,27.145166666666665,2.601583333333333,25.51858333333333,23.351166666666668,11.381083333333335,2.464,25.146666666666665,26.455,19.109499999999997,22.998083333333337,10.15725,10.294833333333333,20.831416666666666,14.052916666666667,26.86016666666667,12.933833333333334,11.73258333333333,20.498500000000003,6.382083333333333,25.228083333333334,27.989,27.66616666666667,26.453166666666664,4.349166666666666,24.3655,6.559333333333332,18.85225,14.257166666666665,26.494,23.379833333333334,5.8934999999999995,7.096083333333333,10.328083333333334,23.073083333333333,11.643833333333333,23.618666666666666,22.014833333333332,26.642,29.44091666666667,19.57925,26.9505,28.431333333333328,24.584833333333332,27.238,21.546083333333332,10.731916666666665,10.429416666666667,0.5644999999999998,11.462666666666665,27.21675,19.01075,24.081333333333333,20.976250000000004,16.077,10.318416666666666,10.707166666666668,23.274166666666662,10.653583333333335,26.781666666666666,28.850416666666664,27.90291666666667,25.108999999999998,2.9250833333333333,7.789750000000001,27.387249999999998,1.3854999999999995,22.45625,28.342500000000005,21.911416666666664,27.716916666666663,23.89283333333333,28.021666666666665,27.269750000000002,24.78316666666667,24.188583333333337,20.523083333333332,27.008749999999996,8.652916666666668,15.983499999999998,26.337999999999997,28.1225,24.268999999999995,10.470666666666668,-4.6085,20.02266666666667,27.46858333333334,26.716583333333336,27.495,27.46858333333334,5.479833333333333,27.642750000000003,26.728333333333328,15.351,26.956000000000003,26.827750000000005,28.47375,11.41216666666667,27.741249999999997,26.985000000000003,27.473333333333333,27.46858333333334,9.001666666666667,11.237416666666666,27.387833333333337,27.94508333333334,17.886,22.652583333333336,2.26125,12.949333333333334,14.968083333333333,27.745416666666667,28.347916666666666,27.23308333333333,-5.49625,19.293000000000003,3.5024166666666665,8.300666666666666,19.070083333333333,22.885166666666667,5.096916666666668,23.150000000000002,26.648083333333336,26.642583333333334,27.710333333333338,23.136916666666664,27.04025,21.092499999999998,12.814833333333334,16.355416666666667,27.439333333333334,24.04716666666667,9.4285,29.127666666666673,9.630583333333334,9.453333333333333,9.137083333333335,17.87133333333333,13.700333333333338,26.08491666666667,24.46558333333333,27.238500000000002,23.381083333333333,27.34241666666667,21.670250000000006,21.37725,
2010,4.861916666666667,15.828666666666669,25.4725,13.775416666666667,25.215666666666664,27.453416666666666,11.480833333333335,22.6815,27.855999999999998,,27.73541666666667,15.078833333333336,11.509500000000001,28.968333333333334,8.575583333333334,22.078166666666664,6.649083333333334,13.962666666666669,25.22916666666667,28.069666666666667,26.205250000000003,25.94033333333333,27.84466666666667,7.037250000000001,9.361749999999999,25.50233333333333,28.325583333333338,12.947250000000002,21.446416666666664,28.370583333333332,11.271416666666667,22.730166666666662,25.812416666666667,27.593666666666664,11.766333333333334,29.288749999999997,24.858666666666668,21.068749999999998,27.14658333333333,27.875249999999994,25.46475,-1.8879166666666665,25.83241666666667,27.03441666666667,26.329833333333337,28.6965,9.712833333333334,7.548416666666665,26.83975,25.68766666666667,26.786833333333334,24.758916666666664,25.559416666666664,26.22675,11.960833333333333,25.627333333333336,28.4735,20.951999999999998,7.75225,7.295333333333333,-15.085749999999999,29.837,27.486833333333337,26.455583333333333,22.639916666666668,25.15191666666667,25.45866666666667,25.9025,28.05416666666667,5.042999999999999,23.9275,8.279833333333332,6.868083333333335,6.826750000000001,27.732166666666668,25.918499999999998,1.1437500000000005,10.531583333333332,13.115416666666668,27.01866666666666,26.94141666666667,5.638249999999999,25.221,28.802916666666672,21.90425,11.102416666666665,8.008999999999999,27.935,16.371250000000003,-15.546333333333335,28.108916666666673,27.655666666666672,27.250416666666666,23.687583333333333,10.960833333333333,27.918916666666664,26.59725,27.116083333333336,27.002333333333336,3.110583333333333,25.24566666666667,23.143833333333333,10.347833333333332,2.6764166666666664,25.05083333333333,26.537000000000003,20.09016666666667,24.650333333333336,9.258166666666666,9.103249999999997,22.311166666666665,13.324916666666669,26.52125,13.215583333333333,10.960833333333333,22.227999999999998,6.710000000000001,24.961249999999996,27.84866666666667,27.531666666666666,27.63866666666667,4.595750000000001,24.93416666666667,5.711083333333334,20.268833333333333,14.906833333333337,26.532750000000004,24.51591666666667,4.847833333333334,6.3258333333333345,9.134666666666666,22.895083333333336,11.741,23.846166666666665,22.60066666666667,26.80666666666666,30.12708333333333,19.664416666666668,27.486833333333337,29.37291666666667,24.669083333333337,27.45141666666667,20.852916666666665,10.225666666666667,9.223666666666665,-0.3186666666666664,11.244416666666666,27.696583333333333,19.435000000000006,24.60575,21.39225,16.114,8.838416666666665,9.264583333333336,23.8685,11.335749999999999,26.618916666666664,29.299916666666665,28.004250000000003,26.011750000000003,4.073250000000001,7.361916666666666,27.250416666666666,-0.21550000000000033,21.956999999999997,28.45866666666667,22.08791666666667,27.767750000000003,24.785999999999998,27.879500000000007,27.02916666666667,25.342000000000002,23.615416666666672,20.584500000000002,27.3565,7.621416666666665,15.68425,26.63825,28.889583333333334,24.37391666666667,9.851666666666668,-4.5205833333333345,20.267083333333336,27.855999999999998,27.164083333333334,28.005916666666668,27.855999999999998,6.568583333333333,28.132083333333338,27.16166666666666,14.415083333333335,26.766500000000004,27.530083333333334,29.302333333333337,10.9925,27.744833333333332,27.177166666666675,27.6035,27.855999999999998,8.073,10.194,27.586250000000003,27.820999999999998,18.302666666666667,22.677333333333337,2.5810833333333334,12.63975,14.246000000000002,27.883499999999998,28.647666666666666,27.412583333333334,-6.031583333333333,19.756333333333334,1.6585,7.2265000000000015,20.709333333333333,22.74533333333333,5.5640833333333335,23.26766666666667,27.389666666666667,26.79225,28.059416666666664,24.11441666666667,27.546333333333333,21.609750000000002,14.281666666666666,17.043833333333332,27.296333333333337,23.922333333333338,9.453,29.671333333333337,8.479833333333334,8.394333333333334,9.505583333333334,17.92008333333333,14.325916666666666,26.15025,24.833333333333332,27.593666666666664,24.114250000000002,27.302750000000003,22.2675,21.986250000000002,
2011,7.170750000000001,15.518,24.7865,13.443250000000004,24.144166666666667,27.009500000000003,12.994416666666668,22.029666666666667,27.528333333333336,,27.296166666666668,15.339666666666668,9.136000000000001,28.513333333333332,8.573999999999998,21.767000000000007,7.855583333333332,11.808666666666666,26.003249999999998,27.10383333333333,25.926,25.205083333333334,27.39525,7.588500000000001,11.305333333333335,25.84275,28.061166666666665,12.400250000000002,21.55541666666667,27.851499999999998,11.73975,21.955083333333334,25.42891666666667,27.15925,11.047833333333331,29.060666666666666,24.109333333333336,20.545916666666667,26.837249999999997,27.003500000000003,24.876583333333333,-3.5570833333333334,25.30883333333333,27.44216666666667,25.63875,27.78483333333334,10.032250000000001,7.357083333333332,26.365,25.246916666666664,26.453999999999997,24.16316666666667,24.77508333333334,26.11341666666667,12.755166666666668,26.153000000000006,27.97975,19.681916666666666,9.172166666666667,9.252833333333333,-16.641416666666668,29.84433333333334,26.98783333333333,26.25075,22.33666666666667,23.331416666666666,25.549666666666667,25.545666666666662,27.58575,6.865333333333333,24.074166666666667,9.384416666666667,7.131166666666666,7.668583333333334,27.515000000000004,25.722833333333337,3.541166666666666,12.272750000000002,14.479583333333336,26.591333333333335,26.396833333333337,5.330333333333334,24.73091666666667,28.2825,19.848416666666665,8.523749999999998,9.819583333333334,27.59975,15.261333333333331,-17.174333333333333,27.66208333333333,27.1765,27.248916666666673,23.820833333333336,12.49575,27.491083333333332,26.343000000000004,26.68341666666667,26.943583333333336,2.7475833333333335,25.47425,22.76816666666667,10.877,2.3154166666666662,24.41558333333333,26.202250000000003,18.915416666666665,22.593249999999998,10.345416666666667,10.708666666666666,20.331249999999997,14.173166666666667,26.640583333333336,12.737749999999998,12.49575,20.114500000000003,5.69625,24.965749999999996,27.672833333333333,27.160666666666668,26.087499999999995,4.201583333333334,23.610666666666663,7.245250000000001,18.261666666666667,14.026916666666667,26.240666666666666,22.988333333333333,6.563083333333334,7.634999999999999,11.032000000000002,22.490750000000002,11.023833333333334,23.77683333333334,22.31325,26.440583333333336,29.436666666666667,19.3135,26.98783333333333,28.63291666666667,24.522333333333336,27.188583333333337,21.599333333333334,9.8705,10.723500000000001,-0.09199999999999993,11.23466666666667,27.222500000000007,18.878833333333333,24.30216666666667,20.350416666666668,15.280666666666663,10.70125,11.076,23.530583333333336,11.16325,26.614,28.48741666666666,27.622249999999998,25.982416666666666,3.3328333333333338,7.373666666666666,27.248916666666673,2.1189166666666672,21.639499999999998,28.150666666666666,21.768249999999995,27.553416666666667,23.87725,27.705750000000005,26.70925,24.829833333333337,23.9915,20.284083333333335,26.78591666666667,8.951666666666666,16.066416666666665,26.220833333333328,28.1615,24.38050000000001,9.569,-3.401583333333333,19.77375,27.528333333333336,26.67125,27.540166666666664,27.528333333333336,5.5815833333333345,27.66458333333333,26.71558333333333,15.45491666666667,26.484166666666667,26.635250000000003,28.77491666666667,10.823,27.731666666666666,26.92625,27.282166666666665,27.528333333333336,8.845999999999998,11.208083333333335,27.23575,27.92441666666667,17.552416666666666,22.473000000000003,2.5091666666666668,12.3635,15.321083333333334,27.66916666666667,27.80758333333333,27.060499999999994,-5.326250000000001,19.358999999999998,4.51875,8.847333333333333,18.606999999999996,22.27175,5.351583333333333,23.069416666666665,26.251666666666665,26.020333333333337,27.771999999999995,24.236666666666668,27.01766666666667,20.994916666666665,11.914500000000002,15.786166666666668,27.435000000000002,23.72675,8.790833333333333,29.205416666666668,10.085166666666664,9.907916666666667,9.549916666666666,17.824583333333333,13.141083333333333,25.677333333333333,23.692583333333335,27.15925,23.401250000000005,27.288249999999994,21.77158333333333,21.602416666666667,
2012,6.063916666666667,14.481583333333333,24.725916666666667,13.76825,23.95483333333333,27.201416666666663,12.339916666666667,22.123333333333335,27.639250000000004,,27.4335,15.689000000000002,10.350750000000001,28.652333333333335,8.429333333333334,22.0245,7.6113333333333335,13.08675,25.816416666666665,27.52933333333334,26.181416666666667,25.533583333333336,27.346666666666668,6.835166666666667,10.351833333333333,25.73441666666667,27.751833333333337,12.27975,21.607166666666668,27.996416666666665,12.028999999999998,22.40008333333334,25.717083333333335,27.360166666666668,12.027583333333332,28.63,24.73441666666667,20.75425,26.55241666666667,27.806250000000002,24.877,-3.176833333333334,25.1035,27.121250000000003,25.639499999999998,27.701166666666666,10.272583333333332,7.077083333333333,26.670166666666663,25.381333333333334,26.383249999999993,24.206333333333333,24.873499999999996,26.281999999999996,12.973500000000001,26.059,28.052999999999994,20.012,8.927583333333333,8.588249999999999,-16.260916666666667,29.923583333333337,27.112333333333336,26.340083333333336,22.445916666666665,23.77091666666667,25.560333333333332,25.536833333333334,27.880083333333335,5.486,23.976166666666668,8.912916666666666,6.706916666666667,6.981416666666667,27.685666666666666,25.478250000000003,1.9072500000000001,11.33175,13.707166666666666,26.656333333333333,26.919833333333333,5.531583333333334,24.831666666666667,28.301666666666666,20.580083333333334,9.787333333333333,9.227166666666667,27.2795,16.0395,-16.77225,27.636416666666666,27.318250000000003,27.39158333333333,23.848166666666668,11.644333333333336,27.4815,26.06316666666667,26.80016666666667,27.045083333333338,3.0570833333333334,25.26058333333333,23.217,11.293666666666667,2.463416666666667,24.640833333333333,26.322083333333335,18.959666666666664,23.42891666666667,10.035833333333334,9.909916666666666,21.006083333333333,14.078999999999999,26.88508333333333,12.565666666666665,11.644333333333336,20.820249999999998,6.075416666666668,24.925416666666667,27.679416666666665,27.3385,26.675583333333336,3.576916666666668,24.907666666666668,6.043333333333333,18.989083333333333,14.3865,25.995583333333332,23.27066666666666,5.876083333333335,6.723583333333334,10.10925,22.97883333333333,11.53791666666667,23.325333333333333,21.887416666666667,26.62275,28.601833333333335,19.829166666666666,27.112333333333336,28.02683333333334,24.374,26.97,21.652416666666667,10.587583333333335,10.248666666666667,-0.59625,11.531833333333331,27.3685,18.66875,24.009583333333328,20.795,15.419833333333331,10.046916666666668,10.438166666666667,23.21341666666667,10.656916666666666,26.531916666666664,28.072749999999996,27.40791666666667,25.80558333333333,3.8057499999999997,7.1139166666666656,27.39158333333333,1.141666666666666,21.855916666666662,28.211583333333333,21.198,27.72125,23.90025,27.719083333333334,27.0825,24.84358333333333,24.46575,20.460000000000004,27.14891666666667,8.53775,15.392166666666666,26.469583333333336,28.484499999999997,24.177999999999997,10.301083333333333,-3.90175,19.959416666666666,27.639250000000004,26.855166666666673,27.57891666666667,27.639250000000004,6.70025,27.73658333333334,26.926666666666662,15.327916666666667,26.393083333333337,26.988916666666665,28.635583333333333,11.451750000000002,27.772583333333333,26.676416666666668,27.303583333333336,27.639250000000004,8.873166666666666,11.278250000000002,27.179999999999996,27.938500000000005,17.84691666666667,22.722583333333333,1.9021666666666668,12.391666666666666,14.58,27.949833333333334,27.868499999999997,27.189416666666673,-3.781,19.57175,2.9728333333333334,8.159249999999998,19.357583333333334,22.558333333333337,4.337583333333334,23.06866666666667,27.288999999999998,26.206083333333336,27.419916666666666,23.84166666666667,27.02775,21.479166666666668,12.854416666666667,15.855833333333335,27.412583333333334,23.805666666666667,9.290666666666668,29.425833333333333,9.185166666666667,9.037416666666667,10.261083333333334,18.508999999999997,13.144166666666669,25.688583333333337,24.704333333333334,27.360166666666668,23.303416666666664,27.445000000000004,21.69775,21.52133333333333,
2013,6.229749999999999,16.533625,25.208750000000002,14.993875,25.1215,27.517250000000004,12.307875,22.507875,27.363,,27.249625,14.457125,11.34375,28.541249999999998,10.047374999999999,22.142874999999997,8.055125,14.173874999999999,26.01166666666667,27.925375000000003,26.43175,25.9675,27.251125000000002,8.266499999999999,10.060125,26.213333333333335,28.160625000000003,13.331375,20.640875,27.919625,12.8795,21.82575,25.348125000000003,27.31233333333333,13.411875,29.3855,25.252875,20.86275,27.061124999999997,28.259625,25.307625,-1.6406666666666676,24.5305,27.558222222222224,26.210875,28.356,9.877375,9.295000000000002,27.01075,25.5795,26.542875000000002,24.560375,25.139375,26.457555555555558,13.589,26.250444444444444,28.1205,20.349875,9.281,8.516375,-14.92725,30.744749999999996,26.922125,26.290333333333333,22.264125,24.50525,25.91077777777778,25.5905,28.503500000000003,6.96175,24.631500000000003,9.670250000000001,7.346000000000001,7.076625000000001,27.99725,25.941375,4.064125,11.19575,13.584624999999999,26.528875000000003,26.907875,5.6855,24.8385,28.724375000000002,20.782249999999998,10.686625,9.23525,27.7175,17.1535,-15.409749999999999,27.612875000000003,27.156750000000002,27.658875000000002,24.29133333333333,10.803625,27.90675,26.686750000000004,26.6875,27.031555555555556,3.1937499999999996,25.732333333333333,23.690375,12.3015,2.92025,25.41325,26.467,20.541000000000004,24.2405,9.97475,9.230375,21.222375,14.165,27.125333333333334,12.964749999999999,10.803625,21.319125,8.93725,24.935250000000003,27.843875,27.551375,27.273374999999998,6.2631250000000005,25.38525,7.322375000000001,19.17825,13.773625,26.314,24.314,6.002375000000001,7.804,9.90025,23.473,13.260125,22.9595,21.269375,26.9735,29.942,19.437375,26.922125,29.11,24.312375000000003,27.13175,22.219222222222225,11.9605,10.417,2.8077500000000004,12.870375,27.21325,19.30525,23.488,21.265875,15.95125,9.4525,9.8565,23.382375,11.0885,26.871555555555556,29.231374999999996,28.005875,26.0475,5.073888888888888,8.4915,27.658875000000002,1.7353750000000003,21.99075,28.194375,22.320875,27.820375,24.092125000000003,27.879875000000006,27.217499999999998,25.069125,22.817749999999997,19.97625,27.41675,9.257875,15.889249999999999,26.28322222222222,28.573750000000004,24.269124999999995,11.645500000000002,-2.2631250000000014,20.103875000000002,27.363,26.665750000000003,27.4655,27.363,6.924444444444443,27.636375,27.1765,15.115625,26.532500000000002,27.74075,29.3015,12.843625000000001,27.451625,26.948,27.602875000000004,27.363,9.685625,11.74475,27.210250000000002,27.975625,17.325375,22.205375000000004,2.228625,13.7605,14.858875000000001,28.175125,28.572000000000003,26.957250000000002,-5.382,18.95825,4.19975,8.1775,20.021124999999998,23.015,6.562624999999999,22.772750000000002,27.864874999999998,26.3125,27.718000000000004,24.285875,27.086625,21.887125,14.026625000000001,18.613500000000002,27.440555555555555,24.024625,10.913499999999999,29.370625000000004,9.10825,8.9975,11.297111111111112,16.754375000000003,16.18825,25.912875,25.232125,27.31233333333333,23.74425,28.12975,21.196,20.71075,
